제품명,가격
사조 1+1 펫시아 프라임 5kg 대용량 애견사료,"24,900원"
프리미요 국산간식 와이드닭가슴살 100g,"4,930원"
오블리 오리 치즈 버거 100g,"1,110원"
벨류업 맛있는 혼합간식 150g,"3,570원"
사조펫푸드 멍냥이 사료 기획,"4,600원"
홀리홀릭스 유기농 가수분해 강아지 사료 2kg 200gx10,"29,800원"
벨버드 자연밥상 반려견 영양 캔간식,"33,600원"
목우촌 펫9단 반려견사료 건식사료,"18,900원"
목우촌 펫9단 데이스포 테라픽 반려견사료 소프트사료,"20,900원"
뉴트리소스 그레인프리 컨트리 셀렉트 3KG,"34,250원"
뉴트리소스 그레인프리 컨트리 셀렉트 6.80KG,"61,830원"
네츄럴코어 ECO6 s/s 살몬 S 10kg,"82,000원"
네츄럴코어 ECO6 s/s 살몬 S 6kg,"52,900원"
네츄럴코어 ECO6 s/s 살몬 S 2.4kg,"28,000원"
듀먼 화식 8종 / 50gx8팩 신상 빌베리맛까지!_fk80,"13,500원"
듀먼 눈가반짝 닭가슴살&빌베리 100g 15+1팩 (hw02),"35,500원"
듀먼 눈가반짝 닭가슴살&빌베리 100g  (hw01),"2,200원"
NEW 캣츠랑 전연령 PET 2kg,"14,630원"
웰메이드 돼지귀 슬라이스 50g,"5,000원"
OP 홈앤독 개사료(5kg),"17,900원"
OP 곰표 루키 (5kg) (강아지 사료),"17,800원"
OP 뉴웨이브 오가닉98 (4kg) (강아지 사료),"71,300원"
OP 제일펫푸드 원더독스 (10kg) (강아지사료),"29,700원"
OP 뉴웨이브 홀리스틱 양고기 (5kg) (강아지 사료),"78,600원"
OP 뉴트리나 건강백서 스트레스 완화 2kg 애견 사료,"36,500원"
OP 뉴웨이브 홀리스틱 오리 고구마 5kg 강아지 사료,"78,600원"
OP 제일펫푸드 슈슈 진도 대포장 대형견사료 (10kg),"40,500원"
OP 뉴트리나 건강백서 건강 애견 사료 전연령 10.2kg,"148,500원"
OP 뉴트리나 건강백서 건강한 6세 노령견 6kg 견사료,"93,200원"
OP 제일펫푸드 슈슈 세븐웰 대포장 강아지 사료 15kg,"67,500원"
OP 제일펫푸드 뉴트리웰 인도어 전견용 5kg 애견사료,"30,400원"
OP 바우와우 제니스 블루 작은알갱이 사료 1.2kg 10개,"118,800원"
OP 바우와우 제니스 애견사료 양고기 습식 1.2kg 10개,"118,800원"
OP 뉴트리나 건강백서 건강한 장 All 10.2kg 애견사료,"155,300원"
OP 제일펫푸드 뉴트리웰 그레인프리 연어 전연령7.5kg,"101,200원"
OP 제일펫푸드 뉴트리웰 그레인프리 오리 전연령7.5kg,"101,200원"
OP 제일펫푸드 뉴트리웰 패밀리 중대형견 전견용 15kg,"50,600원"
OP 제일펫푸드 뉴트리웰 진도 퍼피 중대형견n자견 8kg,"40,500원"
OP 제일펫푸드 슈슈 슈퍼푸드 양고기 쌀 3kg 애견사료,"35,400원"
OP 제일펫푸드 슈슈 슈퍼푸드 어덜트 치킨n라이스 3kg,"29,700원"
